id,first_name,last_name,email,product_id,qty,amount,description,address,city,state,country
6YQQI1SOTNZA,Julie Sampson,Jennifer Hansen,joycestephanie@gray.info,198,8,6710,See near chair mission.,8752 Tanner Tunnel Apt. 470,East Roberta,Mississippi,Liberia
MDXCSNUKMZ4F,Devin Miller,Robin Bailey,kayla87@yahoo.com,166,1,1193,Check drug there by which toward.,30869 Brandon Rapids Apt. 482,Ingramhaven,Maine,El Salvador
Q69BV795VJAH,Stephen May,Julia Terry,butlerbarbara@baxter-gonzales.info,162,5,1702,Walk action create personal next.,91075 Adkins Street,North Michelle,Vermont,Reunion
N3XBF3SE3UW9,Robert Walker,Carlos Davis,jamesmcdowell@hahn.biz,159,9,3648,Miss left upon agency.,6376 Garcia Dale,North Lynn,Arizona,Sierra Leone
8CHKABLTNORX,Walter Ford,Preston Clements,allentaylor@gmail.com,183,2,5071,Agent machine fact turn view.,3413 Blackburn Valley Suite 536,Mitchellfort,Massachusetts,Papua New Guinea
QI7YEJSZARR2,Thomas Moore,Miranda Stone,zachary19@foster.com,119,3,7618,Create Mrs measure military.,8204 Michael Crossroad,Port Shannon,Washington,Andorra
BWHKCEJMV9RB,Danielle Davis,Elizabeth Johnson,linda31@gmail.com,195,3,2162,She various standard during offer peace.,69327 Dylan Fork Suite 924,East Cassandrastad,North Dakota,Honduras
HINWOBUHDZ9Z,Nancy Riley,Anthony Lee,moransarah@miller.org,131,9,2512,At positive yard national evidence.,95466 Thomas Tunnel,East Kennethview,Indiana,Benin
I8WLR2DBYA0K,Brian Young,Timothy May,shernandez@yahoo.com,178,4,6857,Project free article real.,557 Heather Stream,New James,Wisconsin,Ecuador
ZV6OYGXF7AX0,Douglas Johnson,Joshua Bennett,hmoore@stout.com,139,3,2286,Tend enter management behavior assume.,16503 Harvey Dale Suite 316,Petersontown,Minnesota,Grenada
WVS39TSY8EVE,Anthony Anderson PhD,Robert Manning,cheryl16@yahoo.com,132,8,5794,Song out agent stock.,249 William Station,South Scotttown,Utah,Georgia
KIBJN8OPLVEN,Alex Pennington,Anthony Burns,erindiaz@white-hall.com,109,3,3888,He specific his mouth order.,050 Clark Courts,Port Joanna,Nevada,Monaco
MLTU0RCOU4RS,Amber Hess,Joseph Rodriguez,frank42@lewis.com,102,3,2004,Feel agency others someone sea.,506 Turner Mills Apt. 149,Millerstad,Michigan,Saint Vincent and the Grenadines
2UJC9KE1G9MJ,Kayla Smith,Caitlin Kelley,chavezsharon@hotmail.com,137,7,2366,Add senior million test.,121 Stark Shore Apt. 108,Dawsonville,North Carolina,Latvia
R0MULJ06GIJH,Jeffrey Lee,Jonathan Clark,nbrown@shelton.net,148,6,2025,Reality myself everybody.,8755 Devon Prairie,New Aliciachester,Maine,Germany
PTRZK5MBNP26,Frank Potts,Cynthia Gutierrez,atkinsonashlee@gmail.com,182,1,1169,Admit end court land policy.,0684 Arnold Drive Suite 400,North Michael,Maryland,Iraq
FXKAQMC3PX0L,Tina Patel,Megan Adams,desiree68@hotmail.com,123,3,4010,Walk store soon culture why.,061 Ricky Freeway Apt. 418,North Patricia,Alaska,Latvia
VU89V25A074J,Lindsey Wolfe,Lisa Barber,brittneybarnett@reilly-morris.com,103,2,4899,Unit property together degree culture ahead mouth I.,086 Morgan Park Apt. 083,Hernandezborough,Rhode Island,Colombia
8RTW2DE5F4EN,Michelle Dawson,James James,ojohnson@long.com,109,4,4091,This quite father clear.,9886 Kelly Crossing,Rogermouth,Hawaii,Grenada
Q5XJVVQX7FB8,Ethan Cantrell,Patricia Parrish,oaustin@hall.com,110,7,5264,Talk piece see.,25735 Jordan Shore Apt. 217,Larryfort,Montana,Switzerland
HVNK9KORNY1F,Christopher Spears,Brian Morales,cindy74@cooper-rivera.biz,191,5,4985,Southern form officer only myself interesting particularly.,8867 Durham Court Apt. 106,Lake Kimberly,Idaho,Yemen
HF9XIOW7E6OY,Wayne Moore,Alexis Cruz,john46@gmail.com,151,2,3492,Main thought better example shake while.,905 Theodore Ferry Apt. 039,Valdezhaven,Wisconsin,Lithuania
OTNYOUMPKODW,Jason Wade,Kristin Murphy,mckinneykatherine@carr-moore.com,142,5,7054,Bring behavior should music.,431 Karen Cliff Suite 825,Davidfort,North Dakota,Vanuatu
5R2UVZSZMGSU,Danielle Williams,April Reid,caseyrita@hotmail.com,151,7,6401,Rise thus top defense site pick current.,9131 Shelia Rue,Port Anthony,Oklahoma,Jersey
PLYFG9QNBC1L,Janice Coleman,Diana Hall,andersonkimberly@carey.org,137,5,3245,Even establish wrong experience.,456 Smith Ridge Apt. 068,Matthewview,Vermont,Saint Helena
UFYVW30XSOA2,Tracey Perez,Patricia Bryant,smithmichael@hotmail.com,107,5,3661,Whether near people development investment.,412 Small Vista,Lake Mark,Arizona,Greece
4LHCC5ZH4LOU,Mr. Ronald Webster II,Angela Cunningham,carol16@nguyen.com,104,7,8232,Skill religious main table.,656 Zachary Valley Apt. 640,Jonesside,California,Slovakia (Slovak Republic)
OVJPDJLPRG0W,Rodney Allen,Melanie White,kevinwalton@bell-lyons.com,134,3,5413,Score someone candidate laugh dinner.,88425 Patrick Squares Apt. 128,Jonesborough,New Jersey,Switzerland
G1FZTQLWRFE4,Jennifer Monroe,Billy Black,jonathan89@yahoo.com,185,8,7241,A side environmental enough important tough list.,100 Harvey Pass Suite 662,North Jonathan,Massachusetts,Burundi
B8L77M2JIPVE,Casey Lewis,Carrie Jimenez,stokeslaura@bartlett-flynn.net,160,7,4418,Parent nothing by interest home father.,577 Meyers Dale Suite 005,Territown,Hawaii,Namibia
X3OU3J261945,Gabriel Casey,Gary Smith,jonathan32@walters.com,160,2,1402,Only young property per challenge.,5090 Burns Ranch Apt. 060,South Annamouth,Maryland,Saudi Arabia
LCCF14UQ31AR,Emily Kramer,Victoria Clark,edavis@hines-peterson.com,131,4,8823,Woman chance area road if significant.,36969 Paul Corner,Davidshire,Tennessee,Guernsey
J3AOF0R1CAPI,John Davis,Roberta Hamilton,parkerpeter@gmail.com,111,5,8996,Avoid relationship job daughter.,524 Hartman Dam Apt. 567,Villarrealchester,Alaska,Cote d'Ivoire
9WZ0WX8VL3O4,Daniel Morris,Mr. Dylan George,blairtyler@hotmail.com,180,5,5070,Wait federal claim people.,043 Patterson Glen,Michaelstad,Arizona,Heard Island and McDonald Islands
UM999ZA86STF,John Potts,Sarah Ballard DVM,martinhannah@richards-valencia.info,118,8,4518,Plan just Mrs generation time.,69602 Kimberly Wall Suite 969,Wigginstown,Alabama,Gibraltar
H72AOBJETXJP,Adam Harper,Shannon Sellers,joelwalker@carey.net,140,8,4058,Certain may break not as.,872 Tyler Brook,Nunezburgh,West Virginia,Sierra Leone
CKI9AXB0X662,Angela Wolfe,Sharon Taylor,isabel51@hernandez.com,192,8,6152,Page under industry think certain.,07218 Thompson Stravenue Apt. 602,West Michaelstad,Massachusetts,Armenia
ZHLSVFMKD7I7,Carol Rowland,April Lam,fdalton@merritt.com,108,4,4472,Since responsibility peace take physical doctor.,6290 Mitchell Trafficway,Crystalfurt,Oklahoma,Bahamas
WM4L22CVM2KC,Courtney Snyder,Brian Wilcox,barnesraymond@murray-davis.org,159,9,5200,Hundred bad necessary expert expect give.,079 Rebecca Point,Wheelerbury,Indiana,Russian Federation
CIUIFIGH8WZE,Eric Andrews,Rebecca Gonzales,laurendonaldson@parker.info,124,3,8086,Since together like center clearly far after.,4011 Glenn Crescent Apt. 639,Jerrybury,Montana,Saint Lucia
B4IKMC7PTWTU,Jason Saunders,Ruth Edwards,kimberlymccarthy@yahoo.com,190,8,2205,Mean page between third.,2590 Caitlyn Summit Apt. 700,Sherryberg,Minnesota,French Guiana
PNBDF35N418K,Jonathon Ramos,Jasmine Lopez,james93@gmail.com,172,9,2594,With movement coach religious fish short professional religious.,90235 Jones Harbor,Joyceview,Oklahoma,San Marino
DVON3Y3BY1XH,Matthew Stevens,Jacob Stevenson,ywilliams@chase-thomas.com,175,8,1300,Design sure I.,41974 Lori Court Suite 789,East Taylor,South Dakota,Slovenia
NBKNF66FH9I2,Amanda Holland,Sean Wood,qkey@johnson.com,170,4,4515,Special course position meet.,844 Smith Mount Apt. 424,Hughesview,Michigan,Belarus
UX3UE4F46JYL,Colleen Larsen,Sara Gomez,bgregory@jones.info,131,7,2062,System indeed know.,353 Michael Square Suite 838,East Lisa,Vermont,Korea
NEMP8OQCGT2H,Dana Greene,Veronica Shepherd,kristina01@hotmail.com,151,2,3246,Many event PM civil enter activity team.,32148 Veronica Mount Apt. 118,East Emilytown,Maryland,Guernsey
K3O7FU6D12WE,Thomas Young,Cynthia Keller,dstewart@payne-wong.com,155,2,4574,Site kind create end into side.,37754 Robinson Vista Apt. 726,Richardsonberg,New Hampshire,Nepal
RXYXBJY8G4G8,Melissa Dougherty,Ellen Hayes,leejoseph@hunter.com,107,7,6274,Activity attention security special argue hear nation.,9915 Daniel Ramp Suite 834,East Josephmouth,Louisiana,Ireland
VRJ3O3LY3LQR,Alicia Kirk,John Crawford,samantha04@jimenez.com,196,4,6331,Ability century structure here strong.,462 Hodges Creek,Lake Donaldmouth,Mississippi,Saint Kitts and Nevis
1UVS8S6ET59E,Jennifer Yates,Angela Thomas,jason80@yahoo.com,123,5,1018,Before power stop election million.,38342 Ross Avenue,Thomasstad,Idaho,Equatorial Guinea
MOG7WGVVZRZ2,Joseph Gutierrez,Cody Smith,reyesbarbara@stanley.com,130,1,5530,News maybe read attorney yet.,23202 Jerome Forges Suite 195,North Ashley,Delaware,British Virgin Islands
JUZAG9DWW3EN,Vincent Higgins,James Cooper,amy68@yahoo.com,188,5,4264,Support production real.,97348 Guerrero Fort,North Staceymouth,Kentucky,Norfolk Island
0A8ML23G3NXK,Leslie Peters,James James,grusso@hotmail.com,195,4,6856,Part sell pass social explain talk rock.,813 Cobb Drives,Janettown,New York,Svalbard & Jan Mayen Islands
JCEQ3Z85SJSI,Kelly Osborne,Nancy Walker,floresjillian@morgan.info,198,9,8503,Really try American Republican become.,9650 Anthony Junctions,New Hannah,Arkansas,Dominican Republic
DRPB4RK6ABKS,Michael Duran,Chelsea Ramirez,yolandahamilton@johnson.com,137,5,8909,A that company picture direction entire side.,3902 Antonio Roads,New Robertton,Florida,Mongolia
CNFLRPOL9AZW,Jason Marquez,Julie Mclean,wrightkenneth@huerta.net,140,5,5277,Matter mean policy animal.,70369 Phelps Ramp,Andreburgh,Connecticut,Niger
EX06V255D9VW,Kelly Chandler,Matthew Cain,millsamanda@barrett.org,154,3,4337,Resource to hospital along.,68300 Mary Trafficway,Romantown,Florida,Qatar
01SR5C13SVEA,Randy Clark,Melissa Bennett,gallegosrobert@hotmail.com,192,2,2606,Theory base many sister spring series.,324 Kelley Estates,West Catherine,Indiana,Paraguay
OXPYC86EDRUD,Kevin Silva Jr.,Gregory Oconnell,anthonybaker@cowan-hall.com,120,5,1221,Election participant no measure physical.,546 Powell Turnpike Suite 082,Palmerburgh,Colorado,Niger
KSOIECZA2LEW,Jesus Underwood,Charlotte Mckee,huntermorris@gmail.com,145,1,5749,Real born mission positive resource.,4823 Erica Ferry Suite 705,North Jenniferbury,Michigan,San Marino
JR6RHK0MLWWD,Dustin Boyd DDS,Melinda Carter,edward65@gmail.com,199,2,5723,Choose age blood blood.,47147 John Mission Apt. 991,Port Cole,New Mexico,Lebanon
DUG6WVYGALW9,Stephanie Miller,Kelly Paul,ksmith@travis-carter.net,187,3,1722,House maintain cell paper send.,499 Phillips Villages Apt. 783,Stephenbury,Florida,Germany
TW6UOQ7IEMZR,Ricky Good,Mary Sanders,thoffman@hotmail.com,151,6,1805,Four family eat buy.,13547 Linda Centers,Stonemouth,Rhode Island,Bulgaria
ATNIYJ0L35E1,Kevin Wise,Brad Franco,uharris@gmail.com,163,8,4861,Probably travel boy according skill either.,35577 Ryan Avenue Apt. 446,East Amandaville,Idaho,Northern Mariana Islands
OP024CK8UTES,Alexander Abbott,Jessica Terry,sparksstephen@hardin.com,104,2,3404,Including upon education look onto friend try.,9321 Thomas Unions Apt. 071,Foxside,North Carolina,Slovenia
QWWMFOPPFQYC,Patricia Vance,Jose Day,denisecurtis@chambers-williams.biz,124,9,7482,Page fish call realize able talk quality.,57645 Murphy Via Suite 990,West Christina,Delaware,Pitcairn Islands
E0LOC4HOSM7M,James Terry,Amy Yang,taylorwendy@arias.com,197,6,7091,Want yard ask create age.,980 Thomas Ramp,East Williamstad,Virginia,Tuvalu
H047YJL7IL12,Tamara Tapia,Juan Dougherty DVM,hahnstephen@gmail.com,115,5,8619,Current social you have ever work fall factor.,6918 Matthew Alley,East Vickie,Kansas,Bulgaria
7KAH7HGI6SYU,Ronald Smith,Jesse Smith,kayla74@yahoo.com,122,1,3977,Eight trip main.,0898 Thompson Skyway Apt. 832,Vaughnbury,New Hampshire,Thailand
AY5FPNRZ0225,Steven Hall,Natalie Jackson,wallacebrian@yahoo.com,103,4,4936,Bar across measure human food against.,65160 Mitchell Camp Apt. 887,South Paul,South Carolina,Palestinian Territory
NEY0H2MG6WAN,David Mahoney MD,Jennifer Gordon,wmiller@hawkins-castro.com,147,4,7128,Reach pattern often hand without your morning.,74572 Angelica Forks,East Richardborough,Rhode Island,Costa Rica
DQ0E4TR9VRVN,Andrew Hernandez,Shane Alvarez,john57@gmail.com,132,1,6661,Similar scene determine management three.,1793 Mahoney Loaf,Port Jakebury,Colorado,El Salvador
WSZLH5JRZVVU,Lori Hudson,Daniel Barrett,hstewart@yahoo.com,140,6,8528,Good forget buy.,7407 John Path,Barryview,Rhode Island,Guinea-Bissau
BLATQ6JZTCJL,Kristin Fleming,Kayla Adams,diazrhonda@clark-rios.com,161,1,1195,Republican environmental camera almost away war face maybe.,46243 Cassidy Green Suite 578,East Mary,Florida,Dominican Republic
GK1NZ4M9K7MI,Mike Frederick,Stephanie Hall,rleblanc@hodge-brennan.com,114,5,2583,Thing notice research response.,39242 Thompson Parkway Suite 561,Lake Davidfurt,California,Kiribati
SUNUNIR0012U,Allison Valdez,James Vaughn,sblack@gentry.com,158,3,4257,Professional money show arm daughter.,81947 Ramos Meadow Suite 461,Calebton,Georgia,Monaco
I5THQ5R8S78N,Kathy Fisher,Teresa Williamson,robert78@hotmail.com,155,3,1335,Kind fear scientist several participant.,19755 Little Forks Suite 927,New Christopher,Vermont,Liechtenstein
NY372K7OCDGX,Donna Adkins,Roberta Francis,hphillips@yahoo.com,191,6,2398,Bad style owner.,958 Khan Forest,Rayview,Kansas,Slovenia
J59R6RCZPCZK,Brian Montgomery,Stacy Reese,smithkimberly@walton.biz,185,3,4451,Much capital north collection.,75985 Leslie Views Suite 395,Romeroshire,California,Guinea-Bissau
KUBHEX4464ID,Dr. Margaret Murphy,Jonathan Myers,ogreen@mckenzie.info,104,8,7367,Similar idea represent wonder land.,886 Smith Summit Apt. 413,South Tracymouth,Florida,Bouvet Island (Bouvetoya)
5U8QWZ9UQNU5,Kristen Gallagher,Jeremy Baker,jeffrey76@murphy.org,161,7,2065,Scene present water senior unit.,0181 Williams Pike Apt. 326,Walkerbury,Texas,Iran
HHZG54AG4B0S,Emma Sosa,Mark Roberts,jamiebarr@martinez.com,195,1,1912,Region when war.,63822 Logan Spur Suite 508,Hillhaven,Alabama,Falkland Islands (Malvinas)
XX372CQBCB8K,Melissa Hall,Darryl Pittman,cmiller@hotmail.com,124,2,8582,Here development never need avoid.,449 Peterson Path,West Kimberly,Illinois,Nigeria
6MPBCNBQ2X4U,Casey Evans MD,Joseph Wilson,carlsonbrittany@gmail.com,105,4,4460,Baby out build above staff write.,52275 Smith Glens,Jesseport,New Hampshire,Suriname
C2FUBF5S7QN6,Ashley Pennington,Jennifer Moore,piercemolly@gmail.com,121,7,1656,Step lot low night result in.,12854 Brooks Motorway,Jennyhaven,Kansas,Bhutan
MLFYJ0KVL1B8,Bobby Allen,Dale Tucker,ihoward@gmail.com,144,1,8916,Cut operation wall professor data at.,8897 Tran Islands,Woodshire,West Virginia,Congo
W5BXZGBOXLRG,Victoria Martinez,Bradley Krueger,adamsronald@jones.com,167,7,7099,Him world forward be enough.,93041 Jonathan Path,Larsonville,Colorado,Puerto Rico
3BQ8ATJ9A5TJ,Amy Clements,Doris Ortiz,toddaguilar@yahoo.com,123,3,7413,Seat hotel process sign budget.,543 Martinez Mission Apt. 422,Jonesland,Arkansas,Macedonia
9I7OOQD9MS4X,Cathy Wilson,Kimberly Dunn,kimberlymoore@reid.biz,177,6,8626,Watch television finish you take.,539 Donna Expressway Suite 393,Lewismouth,Montana,Heard Island and McDonald Islands
14GJHPLEV9DD,Kathryn Escobar,Matthew Holloway II,dstevens@singh.com,127,8,4443,Drive responsibility morning perhaps.,01701 Becker Pines,Port Rebeccaberg,Illinois,Guatemala
6PY7ZHGQ2D0R,Daniel King,Ana Miller,jenny94@gmail.com,125,8,2478,Hit heavy include whose whose may agree.,641 Reyes Roads,East Angela,West Virginia,Tuvalu
BVDRG5F2DVUI,Brian Graves,Erik Harper,colin98@yahoo.com,157,5,7590,Magazine trip quality final.,580 Holly Park Apt. 791,Hancocktown,Maryland,San Marino
WJ9HIY3QVENM,Tracy Hicks,Jennifer Ford,sarah74@yahoo.com,177,8,2276,Single get activity example everyone camera.,569 Jason Locks Suite 335,Derekside,Alabama,Saint Barthelemy
8OHC6OWFI1D6,Tina Bennett,Lisa Stewart,sharon15@gmail.com,188,8,8417,Ball seek place manage water think.,81526 Beasley Lodge Apt. 904,Allenfort,Idaho,Oman
YX9EFJV89HKD,Mr. Todd Moore MD,Benjamin Silva,melissajohnston@gmail.com,141,3,4135,Collection strong whom point simple officer.,0331 Colleen Plaza Apt. 027,Kevinchester,West Virginia,Libyan Arab Jamahiriya
TWS9FUNY63WU,Adam Moran,Adam Hernandez,melissalopez@myers.com,109,7,5767,Interesting coach establish throw card home third.,3465 Timothy Bypass,Johnsontown,Oklahoma,Andorra
OLTOHEFXXL9H,Stephanie Gamble,Courtney Brooks,baileydiane@williams-brock.biz,161,8,7082,Remember majority western minute miss together story.,94773 Nelson Overpass Apt. 351,Phamside,Nebraska,Saudi Arabia
FMMKWTUWPIRV,Kendra Brown,Matthew Price,harryhernandez@yahoo.com,135,6,7703,Serious fear prove.,4159 Green Wall,East Tonya,Delaware,Belize
0Q4GEVQ7IPAY,Lisa Smith,Brandi Thompson,jeffreyburns@moran-huff.org,161,9,5490,Off situation series produce difficult.,91769 Shelton Stream,Deannaport,Massachusetts,American Samoa
THRMIFMOJOLV,Austin Long,Christina Summers,ytaylor@yahoo.com,153,7,7363,This talk accept stop into anyone.,41036 Tammy Lodge Apt. 312,Thomaston,Mississippi,Yemen
